"STATION","NAME","DATE","PRCP","TAVG"
"IN022023000","NEW DELHI PALAM, IN","2021-09-09","0.0","29.6"
"IN022023000","NEW DELHI PALAM, IN","2021-09-10","18.0","27.6"
"IN022023000","NEW DELHI PALAM, IN","2021-09-11","103.1","24.8"
"IN022023000","NEW DELHI PALAM, IN","2021-09-12","38.1","26.9"
"IN022023000","NEW DELHI PALAM, IN","2021-09-13","3.0","27.3"
"IN022023000","NEW DELHI PALAM, IN","2021-09-14","2.0","28.9"
"IN022023000","NEW DELHI PALAM, IN","2021-09-15","5.1","29.5"
"IN022023000","NEW DELHI PALAM, IN","2021-09-16","0.0","25.4"
"IN022023000","NEW DELHI PALAM, IN","2021-09-17","8.9","27.8"
"IN022023000","NEW DELHI PALAM, IN","2021-09-18","0.0","28.7"
"IN022023000","NEW DELHI PALAM, IN","2021-09-19",,"29.7"
"IN022023000","NEW DELHI PALAM, IN","2021-09-20",,"30.1"
"IN022023000","NEW DELHI PALAM, IN","2021-09-21",,"29.3"
"IN022023000","NEW DELHI PALAM, IN","2021-09-22",,"27.2"
"IN022023000","NEW DELHI PALAM, IN","2021-09-23",,"27.8"
"IN022023000","NEW DELHI PALAM, IN","2021-09-24",,"28.2"
"IN022023000","NEW DELHI PALAM, IN","2021-09-25","0.0","28.6"
"IN022023000","NEW DELHI PALAM, IN","2021-09-26",,"28.2"
"IN022023000","NEW DELHI PALAM, IN","2021-09-27",,"29.9"
"IN022023000","NEW DELHI PALAM, IN","2021-09-28",,"30.1"
"IN022023000","NEW DELHI PALAM, IN","2021-09-29",,"29.7"
"IN022023000","NEW DELHI PALAM, IN","2021-09-30",,"29.7"
"IN022023000","NEW DELHI PALAM, IN","2021-10-01",,"29.7"
"IN022023000","NEW DELHI PALAM, IN","2021-10-02","0.0","30.2"
"IN022023000","NEW DELHI PALAM, IN","2021-10-03",,"30.1"
"IN022023000","NEW DELHI PALAM, IN","2021-10-04",,"30.7"
"IN022023000","NEW DELHI PALAM, IN","2021-10-05",,"29.3"
"IN022023000","NEW DELHI PALAM, IN","2021-10-06",,"29.4"
"IN022023000","NEW DELHI PALAM, IN","2021-10-07",,"28.6"
"IN022023000","NEW DELHI PALAM, IN","2021-10-08",,"28.8"
"IN022023000","NEW DELHI PALAM, IN","2021-10-09",,"29.4"
"IN022023000","NEW DELHI PALAM, IN","2021-10-10",,"29.1"
"IN022023000","NEW DELHI PALAM, IN","2021-10-11",,"29.4"
"IN022023000","NEW DELHI PALAM, IN","2021-10-12",,"29.3"
"IN022023000","NEW DELHI PALAM, IN","2021-10-13",,"27.7"
"IN022023000","NEW DELHI PALAM, IN","2021-10-14",,"25.8"
"IN022023000","NEW DELHI PALAM, IN","2021-10-15",,"26.4"
"IN022023000","NEW DELHI PALAM, IN","2021-10-16",,"28.1"
"IN022023000","NEW DELHI PALAM, IN","2021-10-17","0.3","24.2"
"IN022023000","NEW DELHI PALAM, IN","2021-10-18","55.9","21.7"
"IN022023000","NEW DELHI PALAM, IN","2021-10-19","0.0","24.9"
"IN022023000","NEW DELHI PALAM, IN","2021-10-20",,"24.8"
"IN022023000","NEW DELHI PALAM, IN","2021-10-21",,"25.2"
"IN022023000","NEW DELHI PALAM, IN","2021-10-22",,"25.3"
"IN022023000","NEW DELHI PALAM, IN","2021-10-23",,"25.2"
"IN022023000","NEW DELHI PALAM, IN","2021-10-24",,"23.4"
"IN022023000","NEW DELHI PALAM, IN","2021-10-25",,"22.7"
"IN022023000","NEW DELHI PALAM, IN","2021-10-26",,"22.2"
"IN022023000","NEW DELHI PALAM, IN","2021-10-27",,"22.2"
"IN022023000","NEW DELHI PALAM, IN","2021-10-28",,"21.9"
"IN022023000","NEW DELHI PALAM, IN","2021-10-29",,"22.9"
"IN022023000","NEW DELHI PALAM, IN","2021-10-30",,"22.3"
"IN022023000","NEW DELHI PALAM, IN","2021-10-31",,"22.4"
"IN022023000","NEW DELHI PALAM, IN","2021-11-01",,"22.2"
"IN022023000","NEW DELHI PALAM, IN","2021-11-02",,"22.8"
"IN022023000","NEW DELHI PALAM, IN","2021-11-03",,"22.8"
"IN022023000","NEW DELHI PALAM, IN","2021-11-04",,"20.8"
"IN022023000","NEW DELHI PALAM, IN","2021-11-05",,"20.6"
"IN022023000","NEW DELHI PALAM, IN","2021-11-06",,"21.1"
"IN022023000","NEW DELHI PALAM, IN","2021-11-07",,"21.1"
"IN022023000","NEW DELHI PALAM, IN","2021-11-08",,"21.5"
"IN022023000","NEW DELHI PALAM, IN","2021-11-09",,"21.6"
"IN022023000","NEW DELHI PALAM, IN","2021-11-10",,"21.7"
"IN022023000","NEW DELHI PALAM, IN","2021-11-11",,"19.6"
"IN022023000","NEW DELHI PALAM, IN","2021-11-12",,"20.1"
"IN022023000","NEW DELHI PALAM, IN","2021-11-13",,"20.1"
"IN022023000","NEW DELHI PALAM, IN","2021-11-14",,"19.7"
"IN022023000","NEW DELHI PALAM, IN","2021-11-15",,"19.1"
"IN022023000","NEW DELHI PALAM, IN","2021-11-16",,"18.8"
"IN022023000","NEW DELHI PALAM, IN","2021-11-17",,"18.4"
"IN022023000","NEW DELHI PALAM, IN","2021-11-18",,"19.7"
"IN022023000","NEW DELHI PALAM, IN","2021-11-19",,"19.7"
"IN022023000","NEW DELHI PALAM, IN","2021-11-20",,"20.2"
"IN022023000","NEW DELHI PALAM, IN","2021-11-21",,"18.4"
"IN022023000","NEW DELHI PALAM, IN","2021-11-22",,"18.5"
"IN022023000","NEW DELHI PALAM, IN","2021-11-23",,"18.3"
"IN022023000","NEW DELHI PALAM, IN","2021-11-24",,"18.5"
"IN022023000","NEW DELHI PALAM, IN","2021-11-25",,"19.5"
"IN022023000","NEW DELHI PALAM, IN","2021-11-26",,"18.9"
"IN022023000","NEW DELHI PALAM, IN","2021-11-27",,"18.4"
"IN022023000","NEW DELHI PALAM, IN","2021-11-28",,"18.8"
"IN022023000","NEW DELHI PALAM, IN","2021-11-29",,"18.5"
"IN022023000","NEW DELHI PALAM, IN","2021-11-30",,"18.2"
"IN022023000","NEW DELHI PALAM, IN","2021-12-01",,"17.9"
"IN022023000","NEW DELHI PALAM, IN","2021-12-02",,"16.1"
"IN022023000","NEW DELHI PALAM, IN","2021-12-03",,"17.4"
"IN022023000","NEW DELHI PALAM, IN","2021-12-04",,"18.8"
"IN022023000","NEW DELHI PALAM, IN","2021-12-05",,"19.4"
"IN022023000","NEW DELHI PALAM, IN","2021-12-06","0.0","19.0"
"IN022023000","NEW DELHI PALAM, IN","2021-12-07",,"17.3"
"IN022023000","NEW DELHI PALAM, IN","2021-12-08",,"16.4"
"IN022023000","NEW DELHI PALAM, IN","2021-12-09",,"16.7"
"IN022023000","NEW DELHI PALAM, IN","2021-12-10",,"16.1"
"IN022023000","NEW DELHI PALAM, IN","2021-12-11",,"15.7"
"IN022023000","NEW DELHI PALAM, IN","2021-12-12",,"15.1"
"IN022023000","NEW DELHI PALAM, IN","2021-12-13",,"15.1"
"IN022023000","NEW DELHI PALAM, IN","2021-12-14",,"15.4"
"IN022023000","NEW DELHI PALAM, IN","2021-12-15",,"15.3"
"IN022023000","NEW DELHI PALAM, IN","2021-12-16",,"14.9"
"IN022023000","NEW DELHI PALAM, IN","2021-12-17",,"13.1"
"IN022023000","NEW DELHI PALAM, IN","2021-12-18",,"10.4"
"IN022023000","NEW DELHI PALAM, IN","2021-12-19",,"11.6"
"IN022023000","NEW DELHI PALAM, IN","2021-12-20",,"12.3"
"IN022023000","NEW DELHI PALAM, IN","2021-12-21",,"13.8"
"IN022023000","NEW DELHI PALAM, IN","2021-12-22",,"15.1"
"IN022023000","NEW DELHI PALAM, IN","2021-12-23",,"15.1"
"IN022023000","NEW DELHI PALAM, IN","2021-12-24",,"15.4"
"IN022023000","NEW DELHI PALAM, IN","2021-12-25",,"16.5"
"IN022023000","NEW DELHI PALAM, IN","2021-12-26",,"15.7"
"IN022023000","NEW DELHI PALAM, IN","2021-12-27","3.0","15.7"
"IN022023000","NEW DELHI PALAM, IN","2021-12-28","0.0","14.3"
"IN022023000","NEW DELHI PALAM, IN","2021-12-29",,"13.3"
"IN022023000","NEW DELHI PALAM, IN","2021-12-30",,"11.9"
"IN022023000","NEW DELHI PALAM, IN","2021-12-31",,"11.5"
"IN022023000","NEW DELHI PALAM, IN","2022-01-01",,"12.4"
"IN022023000","NEW DELHI PALAM, IN","2022-01-02",,"12.9"
"IN022023000","NEW DELHI PALAM, IN","2022-01-03",,"14.4"
"IN022023000","NEW DELHI PALAM, IN","2022-01-04",,"16.3"
"IN022023000","NEW DELHI PALAM, IN","2022-01-05","0.0","13.5"
"IN022023000","NEW DELHI PALAM, IN","2022-01-06","7.1","15.4"
"IN022023000","NEW DELHI PALAM, IN","2022-01-07","0.0","16.3"
"IN022023000","NEW DELHI PALAM, IN","2022-01-08","48.0","15.8"
"IN022023000","NEW DELHI PALAM, IN","2022-01-09","20.1","12.8"
"IN022023000","NEW DELHI PALAM, IN","2022-01-10","1.0","12.1"
"IN022023000","NEW DELHI PALAM, IN","2022-01-11","0.0","10.9"
"IN022023000","NEW DELHI PALAM, IN","2022-01-12",,"11.4"
"IN022023000","NEW DELHI PALAM, IN","2022-01-13",,"11.4"
"IN022023000","NEW DELHI PALAM, IN","2022-01-14",,"10.7"
"IN022023000","NEW DELHI PALAM, IN","2022-01-15",,"9.9"
"IN022023000","NEW DELHI PALAM, IN","2022-01-16",,"10.9"
"IN022023000","NEW DELHI PALAM, IN","2022-01-17",,"10.9"
"IN022023000","NEW DELHI PALAM, IN","2022-01-18",,"10.3"
"IN022023000","NEW DELHI PALAM, IN","2022-01-19",,"12.3"
"IN022023000","NEW DELHI PALAM, IN","2022-01-20","0.0","12.6"
"IN022023000","NEW DELHI PALAM, IN","2022-01-21",,"13.7"
"IN022023000","NEW DELHI PALAM, IN","2022-01-22","6.1","12.9"
"IN022023000","NEW DELHI PALAM, IN","2022-01-23","27.9","12.2"
"IN022023000","NEW DELHI PALAM, IN","2022-01-24","0.0","11.6"
"IN022023000","NEW DELHI PALAM, IN","2022-01-25",,"9.7"
"IN022023000","NEW DELHI PALAM, IN","2022-01-26",,"11.4"
"IN022023000","NEW DELHI PALAM, IN","2022-01-27",,"12.2"
"IN022023000","NEW DELHI PALAM, IN","2022-01-28",,"12.7"
"IN022023000","NEW DELHI PALAM, IN","2022-01-29",,"14.3"
"IN022023000","NEW DELHI PALAM, IN","2022-01-30",,"14.6"
"IN022023000","NEW DELHI PALAM, IN","2022-01-31",,"14.4"
"IN022023000","NEW DELHI PALAM, IN","2022-02-01",,"13.2"
"IN022023000","NEW DELHI PALAM, IN","2022-02-02",,"14.8"
"IN022023000","NEW DELHI PALAM, IN","2022-02-03","0.0","12.4"
"IN022023000","NEW DELHI PALAM, IN","2022-02-04","1.0","12.8"
"IN022023000","NEW DELHI PALAM, IN","2022-02-05","0.0","11.9"
"IN022023000","NEW DELHI PALAM, IN","2022-02-06",,"15.1"
"IN022023000","NEW DELHI PALAM, IN","2022-02-07",,"18.2"
"IN022023000","NEW DELHI PALAM, IN","2022-02-08",,"18.4"
"IN022023000","NEW DELHI PALAM, IN","2022-02-09","4.1","15.6"
"IN022023000","NEW DELHI PALAM, IN","2022-02-10","0.0","15.7"
"IN022023000","NEW DELHI PALAM, IN","2022-02-11",,"15.2"
"IN022023000","NEW DELHI PALAM, IN","2022-02-12",,"16.1"
"IN022023000","NEW DELHI PALAM, IN","2022-02-13",,"17.7"
"IN022023000","NEW DELHI PALAM, IN","2022-02-14",,"18.8"
"IN022023000","NEW DELHI PALAM, IN","2022-02-15",,"18.6"
"IN022023000","NEW DELHI PALAM, IN","2022-02-16",,"18.2"
"IN022023000","NEW DELHI PALAM, IN","2022-02-17",,"18.2"
"IN022023000","NEW DELHI PALAM, IN","2022-02-18",,"19.7"
"IN022023000","NEW DELHI PALAM, IN","2022-02-19",,"18.8"
"IN022023000","NEW DELHI PALAM, IN","2022-02-20",,"17.7"
"IN022023000","NEW DELHI PALAM, IN","2022-02-21",,"18.3"
"IN022023000","NEW DELHI PALAM, IN","2022-02-22",,"20.1"
"IN022023000","NEW DELHI PALAM, IN","2022-02-23",,"18.7"
"IN022023000","NEW DELHI PALAM, IN","2022-02-24",,"20.1"
"IN022023000","NEW DELHI PALAM, IN","2022-02-25",,"20.0"
"IN022023000","NEW DELHI PALAM, IN","2022-02-26",,"18.1"
"IN022023000","NEW DELHI PALAM, IN","2022-02-27","0.5","17.8"
"IN022023000","NEW DELHI PALAM, IN","2022-02-28","0.0","17.9"
"IN022023000","NEW DELHI PALAM, IN","2022-03-01",,"18.9"
"IN022023000","NEW DELHI PALAM, IN","2022-03-02",,"19.9"
"IN022023000","NEW DELHI PALAM, IN","2022-03-03",,"22.2"
"IN022023000","NEW DELHI PALAM, IN","2022-03-04",,"19.8"
"IN022023000","NEW DELHI PALAM, IN","2022-03-05",,"19.6"
"IN022023000","NEW DELHI PALAM, IN","2022-03-06",,"20.9"
"IN022023000","NEW DELHI PALAM, IN","2022-03-07",,"21.9"
"IN022023000","NEW DELHI PALAM, IN","2022-03-08",,"23.3"
"IN022023000","NEW DELHI PALAM, IN","2022-03-09",,"23.3"
"IN022023000","NEW DELHI PALAM, IN","2022-03-10",,"22.9"
"IN022023000","NEW DELHI PALAM, IN","2022-03-11",,"22.6"
"IN022023000","NEW DELHI PALAM, IN","2022-03-12",,"23.3"
"IN022023000","NEW DELHI PALAM, IN","2022-03-13",,"25.1"
"IN022023000","NEW DELHI PALAM, IN","2022-03-14",,"25.9"
"IN022023000","NEW DELHI PALAM, IN","2022-03-15",,"27.3"
"IN022023000","NEW DELHI PALAM, IN","2022-03-16",,"27.5"
"IN022023000","NEW DELHI PALAM, IN","2022-03-17",,"27.8"
"IN022023000","NEW DELHI PALAM, IN","2022-03-18",,"27.8"
"IN022023000","NEW DELHI PALAM, IN","2022-03-19",,"29.0"
"IN022023000","NEW DELHI PALAM, IN","2022-03-20",,"29.8"
"IN022023000","NEW DELHI PALAM, IN","2022-03-21",,"29.2"
"IN022023000","NEW DELHI PALAM, IN","2022-03-22",,"28.1"
"IN022023000","NEW DELHI PALAM, IN","2022-03-23",,"27.8"
"IN022023000","NEW DELHI PALAM, IN","2022-03-24",,"28.5"
"IN022023000","NEW DELHI PALAM, IN","2022-03-25",,"27.3"
"IN022023000","NEW DELHI PALAM, IN","2022-03-26",,"27.8"
"IN022023000","NEW DELHI PALAM, IN","2022-03-27",,"28.3"
"IN022023000","NEW DELHI PALAM, IN","2022-03-28",,"30.0"
"IN022023000","NEW DELHI PALAM, IN","2022-03-29",,"30.8"
"IN022023000","NEW DELHI PALAM, IN","2022-03-30",,"31.0"
"IN022023000","NEW DELHI PALAM, IN","2022-03-31",,"31.3"
"IN022023000","NEW DELHI PALAM, IN","2022-04-01",,"29.4"
"IN022023000","NEW DELHI PALAM, IN","2022-04-02",,"30.8"
"IN022023000","NEW DELHI PALAM, IN","2022-04-03",,"30.9"
"IN022023000","NEW DELHI PALAM, IN","2022-04-04",,"30.7"
"IN022023000","NEW DELHI PALAM, IN","2022-04-05",,"30.9"
"IN022023000","NEW DELHI PALAM, IN","2022-04-06",,"31.0"
"IN022023000","NEW DELHI PALAM, IN","2022-04-07",,"31.7"
"IN022023000","NEW DELHI PALAM, IN","2022-04-08",,"32.8"
"IN022023000","NEW DELHI PALAM, IN","2022-04-09",,"34.2"
"IN022023000","NEW DELHI PALAM, IN","2022-04-10",,"33.8"
"IN022023000","NEW DELHI PALAM, IN","2022-04-11",,"34.3"
"IN022023000","NEW DELHI PALAM, IN","2022-04-12",,"33.2"
"IN022023000","NEW DELHI PALAM, IN","2022-04-13",,"33.3"
"IN022023000","NEW DELHI PALAM, IN","2022-04-14",,"32.4"
"IN022023000","NEW DELHI PALAM, IN","2022-04-15",,"32.4"
"IN022023000","NEW DELHI PALAM, IN","2022-04-16",,"32.6"
"IN022023000","NEW DELHI PALAM, IN","2022-04-17",,"33.2"
"IN022023000","NEW DELHI PALAM, IN","2022-04-18",,"34.0"
"IN022023000","NEW DELHI PALAM, IN","2022-04-19",,"34.8"
"IN022023000","NEW DELHI PALAM, IN","2022-04-20",,"34.3"
"IN022023000","NEW DELHI PALAM, IN","2022-04-21",,"31.2"
"IN022023000","NEW DELHI PALAM, IN","2022-04-22","0.3","32.0"
"IN022023000","NEW DELHI PALAM, IN","2022-04-23","0.0","32.5"
"IN022023000","NEW DELHI PALAM, IN","2022-04-24",,"33.4"
"IN022023000","NEW DELHI PALAM, IN","2022-04-25",,"33.7"
"IN022023000","NEW DELHI PALAM, IN","2022-04-26",,"33.8"
"IN022023000","NEW DELHI PALAM, IN","2022-04-27",,"34.7"
"IN022023000","NEW DELHI PALAM, IN","2022-05-01",,"33.8"
"IN022023000","NEW DELHI PALAM, IN","2022-05-02",,"34.4"
"IN022023000","NEW DELHI PALAM, IN","2022-05-03",,"33.1"
"IN022023000","NEW DELHI PALAM, IN","2022-05-04",,"29.9"
"IN022023000","NEW DELHI PALAM, IN","2022-05-05",,"30.8"
"IN022023000","NEW DELHI PALAM, IN","2022-05-06",,"32.8"
"IN022023000","NEW DELHI PALAM, IN","2022-05-07",,"33.6"
"IN022023000","NEW DELHI PALAM, IN","2022-05-08",,"33.9"
"IN022023000","NEW DELHI PALAM, IN","2022-05-09",,"33.9"
"IN022023000","NEW DELHI PALAM, IN","2022-05-10",,"33.7"
"IN022023000","NEW DELHI PALAM, IN","2022-05-11",,"34.8"
"IN022023000","NEW DELHI PALAM, IN","2022-05-12",,"35.8"
"IN022023000","NEW DELHI PALAM, IN","2022-05-13",,"35.7"
"IN022023000","NEW DELHI PALAM, IN","2022-05-14",,"37.0"
"IN022023000","NEW DELHI PALAM, IN","2022-05-15",,"38.3"
"IN022023000","NEW DELHI PALAM, IN","2022-05-16",,"36.4"
"IN022023000","NEW DELHI PALAM, IN","2022-05-17",,"35.3"
"IN022023000","NEW DELHI PALAM, IN","2022-05-18","0.0","35.7"
"IN022023000","NEW DELHI PALAM, IN","2022-05-19",,"37.0"
"IN022023000","NEW DELHI PALAM, IN","2022-05-20",,"36.9"
"IN022023000","NEW DELHI PALAM, IN","2022-05-21","2.0","33.8"
"IN022023000","NEW DELHI PALAM, IN","2022-05-22","2.0","32.9"
"IN022023000","NEW DELHI PALAM, IN","2022-05-23","27.9","23.8"
"IN022023000","NEW DELHI PALAM, IN","2022-05-24","16.0","27.1"
"IN022023000","NEW DELHI PALAM, IN","2022-05-25","0.0","29.6"
"IN022023000","NEW DELHI PALAM, IN","2022-05-26",,"31.4"
"IN022023000","NEW DELHI PALAM, IN","2022-05-27",,"32.4"
"IN022023000","NEW DELHI PALAM, IN","2022-05-28",,"34.7"
"IN022023000","NEW DELHI PALAM, IN","2022-05-29",,"33.6"
"IN022023000","NEW DELHI PALAM, IN","2022-05-30","0.0","31.5"
"IN022023000","NEW DELHI PALAM, IN","2022-05-31","0.5","34.2"
"IN022023000","NEW DELHI PALAM, IN","2022-06-01","0.0","35.7"
"IN022023000","NEW DELHI PALAM, IN","2022-06-02","0.0","36.6"
"IN022023000","NEW DELHI PALAM, IN","2022-06-03",,"36.1"
"IN022023000","NEW DELHI PALAM, IN","2022-06-04",,"37.7"
"IN022023000","NEW DELHI PALAM, IN","2022-06-05",,"37.8"
"IN022023000","NEW DELHI PALAM, IN","2022-06-06",,"38.0"
"IN022023000","NEW DELHI PALAM, IN","2022-06-07",,"37.7"
"IN022023000","NEW DELHI PALAM, IN","2022-06-08",,"37.7"
"IN022023000","NEW DELHI PALAM, IN","2022-06-09",,"38.1"
"IN022023000","NEW DELHI PALAM, IN","2022-06-10",,"38.3"
"IN022023000","NEW DELHI PALAM, IN","2022-06-11",,"37.8"
"IN022023000","NEW DELHI PALAM, IN","2022-06-12",,"38.2"
"IN022023000","NEW DELHI PALAM, IN","2022-06-13",,"37.7"
"IN022023000","NEW DELHI PALAM, IN","2022-06-14",,"34.9"
"IN022023000","NEW DELHI PALAM, IN","2022-06-15",,"36.2"
"IN022023000","NEW DELHI PALAM, IN","2022-06-16","0.5","34.1"
"IN022023000","NEW DELHI PALAM, IN","2022-06-17","5.1","28.4"
"IN022023000","NEW DELHI PALAM, IN","2022-06-18","8.9","29.2"
"IN022023000","NEW DELHI PALAM, IN","2022-06-19","1.0","27.6"
"IN022023000","NEW DELHI PALAM, IN","2022-06-20","0.0","30.3"
"IN022023000","NEW DELHI PALAM, IN","2022-06-21",,"30.7"
"IN022023000","NEW DELHI PALAM, IN","2022-06-22","0.0","31.8"
"IN022023000","NEW DELHI PALAM, IN","2022-06-23",,"33.2"
"IN022023000","NEW DELHI PALAM, IN","2022-06-24",,"33.5"
"IN022023000","NEW DELHI PALAM, IN","2022-06-25",,"35.1"
"IN022023000","NEW DELHI PALAM, IN","2022-06-26",,"35.3"
"IN022023000","NEW DELHI PALAM, IN","2022-06-27",,"35.8"
"IN022023000","NEW DELHI PALAM, IN","2022-06-28",,"35.8"
"IN022023000","NEW DELHI PALAM, IN","2022-06-29",,"34.8"
"IN022023000","NEW DELHI PALAM, IN","2022-06-30","4.1","26.6"
"IN022023000","NEW DELHI PALAM, IN","2022-07-01","32.0","28.6"
"IN022023000","NEW DELHI PALAM, IN","2022-07-02","0.0","30.6"
"IN022023000","NEW DELHI PALAM, IN","2022-07-03",,"31.8"
"IN022023000","NEW DELHI PALAM, IN","2022-07-04",,"33.4"
"IN022023000","NEW DELHI PALAM, IN","2022-07-05",,"33.8"
"IN022023000","NEW DELHI PALAM, IN","2022-07-06",,"34.6"
"IN022023000","NEW DELHI PALAM, IN","2022-07-07",,"34.4"
"IN022023000","NEW DELHI PALAM, IN","2022-07-08",,"35.4"
"IN022023000","NEW DELHI PALAM, IN","2022-07-09",,"31.2"
"IN022023000","NEW DELHI PALAM, IN","2022-07-10",,"31.1"
"IN022023000","NEW DELHI PALAM, IN","2022-07-11","0.0","31.8"
"IN022023000","NEW DELHI PALAM, IN","2022-07-12","0.0","30.4"
"IN022023000","NEW DELHI PALAM, IN","2022-07-13","3.0","31.5"
"IN022023000","NEW DELHI PALAM, IN","2022-07-14","0.0","32.1"
"IN022023000","NEW DELHI PALAM, IN","2022-07-15","2.0","33.5"
"IN022023000","NEW DELHI PALAM, IN","2022-07-16","0.0","28.9"
"IN022023000","NEW DELHI PALAM, IN","2022-07-17","13.0","30.3"
"IN022023000","NEW DELHI PALAM, IN","2022-07-18","2.0","33.7"
"IN022023000","NEW DELHI PALAM, IN","2022-07-19","0.0","32.1"
"IN022023000","NEW DELHI PALAM, IN","2022-07-20","9.9","28.6"
"IN022023000","NEW DELHI PALAM, IN","2022-07-21","95.0","29.6"
"IN022023000","NEW DELHI PALAM, IN","2022-07-22","0.0","29.1"
"IN022023000","NEW DELHI PALAM, IN","2022-07-23","4.1","29.7"
"IN022023000","NEW DELHI PALAM, IN","2022-07-24","7.1","29.8"
"IN022023000","NEW DELHI PALAM, IN","2022-07-25","15.0","29.7"
"IN022023000","NEW DELHI PALAM, IN","2022-07-26","13.0","29.4"
"IN022023000","NEW DELHI PALAM, IN","2022-07-27","0.0","29.7"
"IN022023000","NEW DELHI PALAM, IN","2022-07-28",,"28.6"
"IN022023000","NEW DELHI PALAM, IN","2022-07-29",,"27.9"
"IN022023000","NEW DELHI PALAM, IN","2022-07-30",,"28.3"
"IN022023000","NEW DELHI PALAM, IN","2022-07-31","4.1","29.1"
"IN022023000","NEW DELHI PALAM, IN","2022-08-01","0.0","29.7"
"IN022023000","NEW DELHI PALAM, IN","2022-08-02",,"31.2"
"IN022023000","NEW DELHI PALAM, IN","2022-08-03",,"30.7"
"IN022023000","NEW DELHI PALAM, IN","2022-08-04","0.0","28.9"
"IN022023000","NEW DELHI PALAM, IN","2022-08-05","34.0","28.0"
"IN022023000","NEW DELHI PALAM, IN","2022-08-06","15.0","30.4"
"IN022023000","NEW DELHI PALAM, IN","2022-08-07","0.0","27.0"
"IN022023000","NEW DELHI PALAM, IN","2022-08-08","33.0","30.6"
"IN022023000","NEW DELHI PALAM, IN","2022-08-09","0.0","31.8"
"IN022023000","NEW DELHI PALAM, IN","2022-08-10","1.0","32.7"
"IN022023000","NEW DELHI PALAM, IN","2022-08-11","0.0","28.9"
"IN022023000","NEW DELHI PALAM, IN","2022-08-12",,"31.4"
"IN022023000","NEW DELHI PALAM, IN","2022-08-13",,"30.9"
"IN022023000","NEW DELHI PALAM, IN","2022-08-14",,"28.3"
"IN022023000","NEW DELHI PALAM, IN","2022-08-15",,"29.4"
"IN022023000","NEW DELHI PALAM, IN","2022-08-16","0.0","28.6"
"IN022023000","NEW DELHI PALAM, IN","2022-08-17","5.1","29.2"
"IN022023000","NEW DELHI PALAM, IN","2022-08-18","0.0","30.3"
"IN022023000","NEW DELHI PALAM, IN","2022-08-19",,"30.9"
"IN022023000","NEW DELHI PALAM, IN","2022-08-20",,"29.3"
"IN022023000","NEW DELHI PALAM, IN","2022-08-21",,"31.1"
"IN022023000","NEW DELHI PALAM, IN","2022-08-22",,"31.3"
"IN022023000","NEW DELHI PALAM, IN","2022-08-23",,"29.9"
"IN022023000","NEW DELHI PALAM, IN","2022-08-24",,"28.8"
"IN022023000","NEW DELHI PALAM, IN","2022-08-25",,"30.3"
"IN022023000","NEW DELHI PALAM, IN","2022-08-26",,"30.5"
"IN022023000","NEW DELHI PALAM, IN","2022-08-27",,"30.5"
"IN022023000","NEW DELHI PALAM, IN","2022-08-28",,"30.8"
"IN022023000","NEW DELHI PALAM, IN","2022-08-29","0.0","30.2"
"IN022023000","NEW DELHI PALAM, IN","2022-08-30","8.9","29.9"
"IN022023000","NEW DELHI PALAM, IN","2022-08-31","0.0","31.6"
"IN022023000","NEW DELHI PALAM, IN","2022-09-01",,"31.7"
"IN022023000","NEW DELHI PALAM, IN","2022-09-02",,"31.9"
"IN022023000","NEW DELHI PALAM, IN","2022-09-03",,"32.3"
"IN022023000","NEW DELHI PALAM, IN","2022-09-04",,"32.1"
"IN022023000","NEW DELHI PALAM, IN","2022-09-05",,"31.8"
"IN022023000","NEW DELHI PALAM, IN","2022-09-06",,"31.8"
"IN022023000","NEW DELHI PALAM, IN","2022-09-07",,"32.4"
"IN022023000","NEW DELHI PALAM, IN","2022-09-08",,"32.3"
"IN022023000","NEW DELHI PALAM, IN","2022-09-09",,"32.2"
"IN022023000","NEW DELHI PALAM, IN","2022-09-10",,"31.8"
"IN022023000","NEW DELHI PALAM, IN","2022-09-11",,"31.8"
"IN022023000","NEW DELHI PALAM, IN","2022-09-12",,"30.9"
"IN022023000","NEW DELHI PALAM, IN","2022-09-13","6.1","30.1"
"IN022023000","NEW DELHI PALAM, IN","2022-09-14","0.0","27.8"
"IN022023000","NEW DELHI PALAM, IN","2022-09-15","6.1","25.9"
"IN022023000","NEW DELHI PALAM, IN","2022-09-16","4.1","24.9"
"IN022023000","NEW DELHI PALAM, IN","2022-09-17","2.0","28.6"
"IN022023000","NEW DELHI PALAM, IN","2022-09-18","0.0","30.1"
"IN022023000","NEW DELHI PALAM, IN","2022-09-19",,"29.3"
"IN022023000","NEW DELHI PALAM, IN","2022-09-20",,"28.7"
"IN022023000","NEW DELHI PALAM, IN","2022-09-21",,"27.1"
"IN022023000","NEW DELHI PALAM, IN","2022-09-22",,"25.5"
"IN022023000","NEW DELHI PALAM, IN","2022-09-23","102.1","25.0"
"IN022023000","NEW DELHI PALAM, IN","2022-09-24","39.9","25.4"
"IN022023000","NEW DELHI PALAM, IN","2022-09-25","23.9","27.2"
"IN022023000","NEW DELHI PALAM, IN","2022-09-26","0.0","28.1"
"IN022023000","NEW DELHI PALAM, IN","2022-09-27",,"28.7"
"IN022023000","NEW DELHI PALAM, IN","2022-09-28",,"29.1"
"IN022023000","NEW DELHI PALAM, IN","2022-09-29",,"28.9"
"IN022023000","NEW DELHI PALAM, IN","2022-09-30",,"29.0"
"IN022023000","NEW DELHI PALAM, IN","2022-10-01",,"29.4"
"IN022023000","NEW DELHI PALAM, IN","2022-10-02",,"29.5"
"IN022023000","NEW DELHI PALAM, IN","2022-10-03",,"29.2"
"IN022023000","NEW DELHI PALAM, IN","2022-10-04",,"29.3"
"IN022023000","NEW DELHI PALAM, IN","2022-10-05",,"27.9"
"IN022023000","NEW DELHI PALAM, IN","2022-10-06",,"25.6"
"IN022023000","NEW DELHI PALAM, IN","2022-10-07","0.0","24.2"
"IN022023000","NEW DELHI PALAM, IN","2022-10-08","4.1","22.1"
"IN022023000","NEW DELHI PALAM, IN","2022-10-09","64.0","21.9"
"IN022023000","NEW DELHI PALAM, IN","2022-10-10","0.0","22.4"
"IN022023000","NEW DELHI PALAM, IN","2022-10-11","0.3","24.9"
"IN022023000","NEW DELHI PALAM, IN","2022-10-12","0.0","25.2"
"IN022023000","NEW DELHI PALAM, IN","2022-10-13",,"25.2"
"IN022023000","NEW DELHI PALAM, IN","2022-10-14",,"25.7"
"IN022023000","NEW DELHI PALAM, IN","2022-10-15",,"26.1"
"IN022023000","NEW DELHI PALAM, IN","2022-10-16",,"27.2"
"IN022023000","NEW DELHI PALAM, IN","2022-10-17",,"26.9"
"IN022023000","NEW DELHI PALAM, IN","2022-10-18",,"26.1"
"IN022023000","NEW DELHI PALAM, IN","2022-10-19",,"27.0"
"IN022023000","NEW DELHI PALAM, IN","2022-10-20",,"27.1"
"IN022023000","NEW DELHI PALAM, IN","2022-10-21",,"26.7"
"IN022023000","NEW DELHI PALAM, IN","2022-10-22",,"24.9"
"IN022023000","NEW DELHI PALAM, IN","2022-10-23",,"23.8"
"IN022023000","NEW DELHI PALAM, IN","2022-10-24",,"23.9"
"IN022023000","NEW DELHI PALAM, IN","2022-10-25",,"23.7"
"IN022023000","NEW DELHI PALAM, IN","2022-10-26",,"24.7"
"IN022023000","NEW DELHI PALAM, IN","2022-10-27",,"24.7"
"IN022023000","NEW DELHI PALAM, IN","2022-10-28",,"24.6"
"IN022023000","NEW DELHI PALAM, IN","2022-10-29",,"23.8"
"IN022023000","NEW DELHI PALAM, IN","2022-10-30",,"23.5"
"IN022023000","NEW DELHI PALAM, IN","2022-10-31",,"23.8"
"IN022023000","NEW DELHI PALAM, IN","2022-11-01",,"25.1"
"IN022023000","NEW DELHI PALAM, IN","2022-11-02",,"24.3"
"IN022023000","NEW DELHI PALAM, IN","2022-11-03",,"24.3"
"IN022023000","NEW DELHI PALAM, IN","2022-11-04",,"24.7"
"IN022023000","NEW DELHI PALAM, IN","2022-11-05",,"24.3"
"IN022023000","NEW DELHI PALAM, IN","2022-11-06",,"24.7"
"IN022023000","NEW DELHI PALAM, IN","2022-11-07",,"25.3"
"IN022023000","NEW DELHI PALAM, IN","2022-11-08",,"23.7"
"IN022023000","NEW DELHI PALAM, IN","2022-11-09",,"23.3"
"IN022023000","NEW DELHI PALAM, IN","2022-11-10",,"23.6"
"IN022023000","NEW DELHI PALAM, IN","2022-11-11",,"21.6"
"IN022023000","NEW DELHI PALAM, IN","2022-11-12",,"20.9"
"IN022023000","NEW DELHI PALAM, IN","2022-11-13",,"21.1"
"IN022023000","NEW DELHI PALAM, IN","2022-11-14",,"22.9"
"IN022023000","NEW DELHI PALAM, IN","2022-11-15",,"22.3"
"IN022023000","NEW DELHI PALAM, IN","2022-11-16",,"20.5"
"IN022023000","NEW DELHI PALAM, IN","2022-11-17",,"18.4"
"IN022023000","NEW DELHI PALAM, IN","2022-11-18",,"18.7"
"IN022023000","NEW DELHI PALAM, IN","2022-11-19",,"19.2"
"IN022023000","NEW DELHI PALAM, IN","2022-11-20",,"18.9"
"IN022023000","NEW DELHI PALAM, IN","2022-11-21",,"19.1"
"IN022023000","NEW DELHI PALAM, IN","2022-11-22",,"18.6"
"IN022023000","NEW DELHI PALAM, IN","2022-11-23",,"18.8"
"IN022023000","NEW DELHI PALAM, IN","2022-11-24",,"18.5"
"IN022023000","NEW DELHI PALAM, IN","2022-11-25",,"19.1"
"IN022023000","NEW DELHI PALAM, IN","2022-11-26",,"17.9"
"IN022023000","NEW DELHI PALAM, IN","2022-11-27",,"17.9"
"IN022023000","NEW DELHI PALAM, IN","2022-11-28",,"18.1"
"IN022023000","NEW DELHI PALAM, IN","2022-11-29",,"18.3"
"IN022023000","NEW DELHI PALAM, IN","2022-11-30",,"17.7"
"IN022023000","NEW DELHI PALAM, IN","2022-12-01",,"17.8"
"IN022023000","NEW DELHI PALAM, IN","2022-12-02",,"18.2"
"IN022023000","NEW DELHI PALAM, IN","2022-12-03",,"18.3"
"IN022023000","NEW DELHI PALAM, IN","2022-12-04",,"17.3"
"IN022023000","NEW DELHI PALAM, IN","2022-12-05",,"16.8"
"IN022023000","NEW DELHI PALAM, IN","2022-12-06",,"15.8"
"IN022023000","NEW DELHI PALAM, IN","2022-12-07",,"16.7"
"IN022023000","NEW DELHI PALAM, IN","2022-12-08",,"16.8"
"IN022023000","NEW DELHI PALAM, IN","2022-12-09",,"17.7"
"IN022023000","NEW DELHI PALAM, IN","2022-12-10",,"18.1"
"IN022023000","NEW DELHI PALAM, IN","2022-12-11",,"18.3"
"IN022023000","NEW DELHI PALAM, IN","2022-12-12",,"17.4"
"IN022023000","NEW DELHI PALAM, IN","2022-12-13",,"17.6"
"IN022023000","NEW DELHI PALAM, IN","2022-12-14",,"16.1"
"IN022023000","NEW DELHI PALAM, IN","2022-12-15",,"16.0"
"IN022023000","NEW DELHI PALAM, IN","2022-12-16",,"15.2"
"IN022023000","NEW DELHI PALAM, IN","2022-12-17",,"15.5"
"IN022023000","NEW DELHI PALAM, IN","2022-12-18",,"15.2"
"IN022023000","NEW DELHI PALAM, IN","2022-12-19",,"15.1"
"IN022023000","NEW DELHI PALAM, IN","2022-12-20",,"13.3"
"IN022023000","NEW DELHI PALAM, IN","2022-12-21",,"13.3"
"IN022023000","NEW DELHI PALAM, IN","2022-12-22",,"12.0"
"IN022023000","NEW DELHI PALAM, IN","2022-12-23",,"13.1"
"IN022023000","NEW DELHI PALAM, IN","2022-12-24",,"11.1"
"IN022023000","NEW DELHI PALAM, IN","2022-12-25",,"9.7"
"IN022023000","NEW DELHI PALAM, IN","2022-12-26",,"8.8"
"IN022023000","NEW DELHI PALAM, IN","2022-12-27",,"10.4"
"IN022023000","NEW DELHI PALAM, IN","2022-12-28",,"13.4"
"IN022023000","NEW DELHI PALAM, IN","2022-12-29",,"15.2"
"IN022023000","NEW DELHI PALAM, IN","2022-12-30",,"15.5"
"IN022023000","NEW DELHI PALAM, IN","2022-12-31",,"13.5"
"IN022023000","NEW DELHI PALAM, IN","2023-01-01",,"13.4"
"IN022023000","NEW DELHI PALAM, IN","2023-01-02",,"12.0"
"IN022023000","NEW DELHI PALAM, IN","2023-01-03",,"11.0"
"IN022023000","NEW DELHI PALAM, IN","2023-01-04",,"9.6"
"IN022023000","NEW DELHI PALAM, IN","2023-01-05",,"8.7"
"IN022023000","NEW DELHI PALAM, IN","2023-01-06",,"8.7"
"IN022023000","NEW DELHI PALAM, IN","2023-01-07",,"8.1"
"IN022023000","NEW DELHI PALAM, IN","2023-01-08",,"9.4"
"IN022023000","NEW DELHI PALAM, IN","2023-01-09",,"10.8"
"IN022023000","NEW DELHI PALAM, IN","2023-01-10",,"11.2"
"IN022023000","NEW DELHI PALAM, IN","2023-01-11",,"12.3"
"IN022023000","NEW DELHI PALAM, IN","2023-01-12",,"14.4"
"IN022023000","NEW DELHI PALAM, IN","2023-01-13",,"15.1"
"IN022023000","NEW DELHI PALAM, IN","2023-01-14",,"11.7"
"IN022023000","NEW DELHI PALAM, IN","2023-01-15",,"10.4"
"IN022023000","NEW DELHI PALAM, IN","2023-01-16",,"11.1"
"IN022023000","NEW DELHI PALAM, IN","2023-01-17",,"10.7"
"IN022023000","NEW DELHI PALAM, IN","2023-01-18",,"11.7"
"IN022023000","NEW DELHI PALAM, IN","2023-01-19",,"15.1"
"IN022023000","NEW DELHI PALAM, IN","2023-01-20",,"16.1"
"IN022023000","NEW DELHI PALAM, IN","2023-01-21",,"14.8"
"IN022023000","NEW DELHI PALAM, IN","2023-01-22",,"15.6"
"IN022023000","NEW DELHI PALAM, IN","2023-01-23",,"17.4"
"IN022023000","NEW DELHI PALAM, IN","2023-01-24",,"17.1"
"IN022023000","NEW DELHI PALAM, IN","2023-01-25",,"15.5"
"IN022023000","NEW DELHI PALAM, IN","2023-01-26",,"12.9"
"IN022023000","NEW DELHI PALAM, IN","2023-01-27",,"12.4"
"IN022023000","NEW DELHI PALAM, IN","2023-01-28",,"13.8"
"IN022023000","NEW DELHI PALAM, IN","2023-01-29",,"13.4"
"IN022023000","NEW DELHI PALAM, IN","2023-01-30","25.9","14.7"
"IN022023000","NEW DELHI PALAM, IN","2023-01-31","0.0","14.1"
"IN022023000","NEW DELHI PALAM, IN","2023-02-01",,"14.1"
"IN022023000","NEW DELHI PALAM, IN","2023-02-02",,"15.7"
"IN022023000","NEW DELHI PALAM, IN","2023-02-03",,"16.6"
"IN022023000","NEW DELHI PALAM, IN","2023-02-04",,"16.9"
"IN022023000","NEW DELHI PALAM, IN","2023-02-05",,"17.7"
"IN022023000","NEW DELHI PALAM, IN","2023-02-06",,"20.5"
"IN022023000","NEW DELHI PALAM, IN","2023-02-07",,"17.9"
"IN022023000","NEW DELHI PALAM, IN","2023-02-08",,"17.0"
"IN022023000","NEW DELHI PALAM, IN","2023-02-09",,"20.0"
"IN022023000","NEW DELHI PALAM, IN","2023-02-10",,"21.2"
"IN022023000","NEW DELHI PALAM, IN","2023-02-11",,"20.1"
"IN022023000","NEW DELHI PALAM, IN","2023-02-12",,"16.4"
"IN022023000","NEW DELHI PALAM, IN","2023-02-13",,"15.1"
"IN022023000","NEW DELHI PALAM, IN","2023-02-14",,"17.3"
"IN022023000","NEW DELHI PALAM, IN","2023-02-15",,"18.9"
"IN022023000","NEW DELHI PALAM, IN","2023-02-16",,"20.2"
"IN022023000","NEW DELHI PALAM, IN","2023-02-17",,"21.5"
"IN022023000","NEW DELHI PALAM, IN","2023-02-18",,"20.7"
"IN022023000","NEW DELHI PALAM, IN","2023-02-19",,"22.3"
"IN022023000","NEW DELHI PALAM, IN","2023-02-20",,"23.6"
"IN022023000","NEW DELHI PALAM, IN","2023-02-21",,"23.4"
"IN022023000","NEW DELHI PALAM, IN","2023-02-22",,"20.3"
"IN022023000","NEW DELHI PALAM, IN","2023-02-23",,"21.0"
"IN022023000","NEW DELHI PALAM, IN","2023-02-24",,"21.2"
"IN022023000","NEW DELHI PALAM, IN","2023-02-25",,"22.2"
"IN022023000","NEW DELHI PALAM, IN","2023-02-26",,"23.5"
"IN022023000","NEW DELHI PALAM, IN","2023-02-27",,"23.4"
"IN022023000","NEW DELHI PALAM, IN","2023-02-28",,"23.1"
"IN022023000","NEW DELHI PALAM, IN","2023-03-01","0.3","23.3"
"IN022023000","NEW DELHI PALAM, IN","2023-03-02","0.3","24.1"
"IN022023000","NEW DELHI PALAM, IN","2023-03-03","0.0","25.1"
"IN022023000","NEW DELHI PALAM, IN","2023-03-04",,"22.1"
"IN022023000","NEW DELHI PALAM, IN","2023-03-05",,"23.7"
"IN022023000","NEW DELHI PALAM, IN","2023-03-06",,"23.1"
"IN022023000","NEW DELHI PALAM, IN","2023-03-07",,"23.4"
"IN022023000","NEW DELHI PALAM, IN","2023-03-08",,"23.7"
"IN022023000","NEW DELHI PALAM, IN","2023-03-09",,"23.8"
"IN022023000","NEW DELHI PALAM, IN","2023-03-10",,"23.8"
"IN022023000","NEW DELHI PALAM, IN","2023-03-11",,"24.5"
"IN022023000","NEW DELHI PALAM, IN","2023-03-12",,"25.8"
"IN022023000","NEW DELHI PALAM, IN","2023-03-13",,"26.3"
"IN022023000","NEW DELHI PALAM, IN","2023-03-14",,"25.7"
"IN022023000","NEW DELHI PALAM, IN","2023-03-15",,"26.7"
"IN022023000","NEW DELHI PALAM, IN","2023-03-16",,"26.4"
"IN022023000","NEW DELHI PALAM, IN","2023-03-17",,"24.2"
"IN022023000","NEW DELHI PALAM, IN","2023-03-18","1.0","19.6"
"IN022023000","NEW DELHI PALAM, IN","2023-03-19","5.1","20.7"
"IN022023000","NEW DELHI PALAM, IN","2023-03-20","30.0","19.3"
"IN022023000","NEW DELHI PALAM, IN","2023-03-21","16.0","20.1"
"IN022023000","NEW DELHI PALAM, IN","2023-03-22","0.0","21.5"
"IN022023000","NEW DELHI PALAM, IN","2023-03-23",,"24.1"
"IN022023000","NEW DELHI PALAM, IN","2023-03-24",,"21.8"
"IN022023000","NEW DELHI PALAM, IN","2023-03-25","15.0","23.3"
"IN022023000","NEW DELHI PALAM, IN","2023-03-26","0.0","24.2"
"IN022023000","NEW DELHI PALAM, IN","2023-03-27",,"22.9"
"IN022023000","NEW DELHI PALAM, IN","2023-03-28",,"24.3"
"IN022023000","NEW DELHI PALAM, IN","2023-03-29",,"25.0"
"IN022023000","NEW DELHI PALAM, IN","2023-03-30",,"23.2"
"IN022023000","NEW DELHI PALAM, IN","2023-03-31",,"20.4"
"IN022023000","NEW DELHI PALAM, IN","2023-04-01",,"21.0"
"IN022023000","NEW DELHI PALAM, IN","2023-04-02",,"24.2"
"IN022023000","NEW DELHI PALAM, IN","2023-04-03",,"24.4"
"IN022023000","NEW DELHI PALAM, IN","2023-04-04","0.0","24.9"
"IN022023000","NEW DELHI PALAM, IN","2023-04-05",,"25.3"
"IN022023000","NEW DELHI PALAM, IN","2023-04-06","0.0","26.6"
"IN022023000","NEW DELHI PALAM, IN","2023-04-07",,"26.1"
"IN022023000","NEW DELHI PALAM, IN","2023-04-08",,"26.8"
"IN022023000","NEW DELHI PALAM, IN","2023-04-09",,"27.6"
"IN022023000","NEW DELHI PALAM, IN","2023-04-10",,"28.0"
"IN022023000","NEW DELHI PALAM, IN","2023-04-11",,"28.9"
"IN022023000","NEW DELHI PALAM, IN","2023-04-12",,"29.9"
"IN022023000","NEW DELHI PALAM, IN","2023-04-13","0.0","30.7"
"IN022023000","NEW DELHI PALAM, IN","2023-04-14",,"31.7"
"IN022023000","NEW DELHI PALAM, IN","2023-04-15",,"32.7"
"IN022023000","NEW DELHI PALAM, IN","2023-04-16",,"32.5"
"IN022023000","NEW DELHI PALAM, IN","2023-04-17","0.0","32.6"
"IN022023000","NEW DELHI PALAM, IN","2023-04-18",,"33.6"
"IN022023000","NEW DELHI PALAM, IN","2023-04-19",,"30.8"
"IN022023000","NEW DELHI PALAM, IN","2023-04-20",,"28.9"
"IN022023000","NEW DELHI PALAM, IN","2023-04-21",,"29.1"
"IN022023000","NEW DELHI PALAM, IN","2023-04-22","0.0","29.5"
"IN022023000","NEW DELHI PALAM, IN","2023-04-23","0.0","26.4"
"IN022023000","NEW DELHI PALAM, IN","2023-04-24","0.0","26.8"
"IN022023000","NEW DELHI PALAM, IN","2023-04-25",,"27.7"
"IN022023000","NEW DELHI PALAM, IN","2023-04-26",,"29.7"
"IN022023000","NEW DELHI PALAM, IN","2023-04-27",,"30.1"
"IN022023000","NEW DELHI PALAM, IN","2023-04-28","0.0","28.0"
"IN022023000","NEW DELHI PALAM, IN","2023-04-29",,"27.7"
"IN022023000","NEW DELHI PALAM, IN","2023-04-30","0.0","24.7"
"IN022023000","NEW DELHI PALAM, IN","2023-05-01","0.0","21.6"
"IN022023000","NEW DELHI PALAM, IN","2023-05-02","0.5","23.1"
"IN022023000","NEW DELHI PALAM, IN","2023-05-03","0.0","22.6"
"IN022023000","NEW DELHI PALAM, IN","2023-05-04","14.0","25.7"
"IN022023000","NEW DELHI PALAM, IN","2023-05-05","0.0","28.4"
"IN022023000","NEW DELHI PALAM, IN","2023-05-06",,"29.1"
"IN022023000","NEW DELHI PALAM, IN","2023-05-07","0.0","29.3"
"IN022023000","NEW DELHI PALAM, IN","2023-05-08","2.0","29.6"
"IN022023000","NEW DELHI PALAM, IN","2023-05-09","0.0","30.8"
"IN022023000","NEW DELHI PALAM, IN","2023-05-10",,"30.4"
"IN022023000","NEW DELHI PALAM, IN","2023-05-11",,"31.7"
"IN022023000","NEW DELHI PALAM, IN","2023-05-12",,"33.4"
"IN022023000","NEW DELHI PALAM, IN","2023-05-13",,"34.1"
"IN022023000","NEW DELHI PALAM, IN","2023-05-14",,"33.7"
"IN022023000","NEW DELHI PALAM, IN","2023-05-15",,"33.9"
"IN022023000","NEW DELHI PALAM, IN","2023-05-16",,"33.3"
"IN022023000","NEW DELHI PALAM, IN","2023-05-17",,"32.8"
"IN022023000","NEW DELHI PALAM, IN","2023-05-18","0.3","29.8"
"IN022023000","NEW DELHI PALAM, IN","2023-05-19","0.0","32.4"
"IN022023000","NEW DELHI PALAM, IN","2023-05-20",,"34.1"
"IN022023000","NEW DELHI PALAM, IN","2023-05-21",,"36.4"
"IN022023000","NEW DELHI PALAM, IN","2023-05-22",,"37.7"
"IN022023000","NEW DELHI PALAM, IN","2023-05-23",,"35.8"
"IN022023000","NEW DELHI PALAM, IN","2023-05-24",,"29.4"
"IN022023000","NEW DELHI PALAM, IN","2023-05-25",,"28.1"
"IN022023000","NEW DELHI PALAM, IN","2023-05-26",,"28.9"
"IN022023000","NEW DELHI PALAM, IN","2023-05-27","19.1","27.1"
"IN022023000","NEW DELHI PALAM, IN","2023-05-28","0.0","29.3"
"IN022023000","NEW DELHI PALAM, IN","2023-05-29","0.0","26.6"
"IN022023000","NEW DELHI PALAM, IN","2023-05-30","0.8","27.2"
"IN022023000","NEW DELHI PALAM, IN","2023-05-31","19.1","24.7"
"IN022023000","NEW DELHI PALAM, IN","2023-06-01","0.8","26.2"
"IN022023000","NEW DELHI PALAM, IN","2023-06-02","0.3","29.0"
"IN022023000","NEW DELHI PALAM, IN","2023-06-03","0.0","30.6"
"IN022023000","NEW DELHI PALAM, IN","2023-06-04","0.3","29.5"
"IN022023000","NEW DELHI PALAM, IN","2023-06-05","0.0","31.6"
"IN022023000","NEW DELHI PALAM, IN","2023-06-06","0.0","31.8"
"IN022023000","NEW DELHI PALAM, IN","2023-06-07",,"32.6"
"IN022023000","NEW DELHI PALAM, IN","2023-06-08",,"34.4"
"IN022023000","NEW DELHI PALAM, IN","2023-06-09",,"33.7"
"IN022023000","NEW DELHI PALAM, IN","2023-06-10",,"34.1"
"IN022023000","NEW DELHI PALAM, IN","2023-06-11","1.0","33.0"
"IN022023000","NEW DELHI PALAM, IN","2023-06-12","0.0","35.4"
"IN022023000","NEW DELHI PALAM, IN","2023-06-13",,"36.4"
"IN022023000","NEW DELHI PALAM, IN","2023-06-14",,"34.9"
"IN022023000","NEW DELHI PALAM, IN","2023-06-15",,"33.3"
"IN022023000","NEW DELHI PALAM, IN","2023-06-16",,"31.7"
"IN022023000","NEW DELHI PALAM, IN","2023-06-17",,"32.3"
"IN022023000","NEW DELHI PALAM, IN","2023-06-18",,"31.1"
"IN022023000","NEW DELHI PALAM, IN","2023-06-19","10.9","28.5"
"IN022023000","NEW DELHI PALAM, IN","2023-06-20","4.1","31.3"
"IN022023000","NEW DELHI PALAM, IN","2023-06-21","0.5","31.0"
"IN022023000","NEW DELHI PALAM, IN","2023-06-22","0.0","32.9"
"IN022023000","NEW DELHI PALAM, IN","2023-06-23","41.9","32.8"
"IN022023000","NEW DELHI PALAM, IN","2023-06-24","0.0","31.6"
"IN022023000","NEW DELHI PALAM, IN","2023-06-25","30.0","26.1"
"IN022023000","NEW DELHI PALAM, IN","2023-06-26","7.1","28.9"
"IN022023000","NEW DELHI PALAM, IN","2023-06-27","1.0","29.6"
"IN022023000","NEW DELHI PALAM, IN","2023-06-28","0.0","29.3"
"IN022023000","NEW DELHI PALAM, IN","2023-06-29","27.9","28.7"
"IN022023000","NEW DELHI PALAM, IN","2023-06-30","7.1","27.9"
"IN022023000","NEW DELHI PALAM, IN","2023-07-01","4.1","29.3"
"IN022023000","NEW DELHI PALAM, IN","2023-07-02","0.0","31.0"
"IN022023000","NEW DELHI PALAM, IN","2023-07-03",,"33.1"
"IN022023000","NEW DELHI PALAM, IN","2023-07-04",,"30.6"
"IN022023000","NEW DELHI PALAM, IN","2023-07-05",,"29.4"
"IN022023000","NEW DELHI PALAM, IN","2023-07-06",,"28.2"
"IN022023000","NEW DELHI PALAM, IN","2023-07-07",,"29.7"
"IN022023000","NEW DELHI PALAM, IN","2023-07-08","6.1","27.1"
"IN022023000","NEW DELHI PALAM, IN","2023-07-09","38.1","26.8"
"IN022023000","NEW DELHI PALAM, IN","2023-07-10","30.0","27.6"
"IN022023000","NEW DELHI PALAM, IN","2023-07-11","4.1","28.6"
"IN022023000","NEW DELHI PALAM, IN","2023-07-12","0.0","29.2"
"IN022023000","NEW DELHI PALAM, IN","2023-07-13","0.8","29.6"
"IN022023000","NEW DELHI PALAM, IN","2023-07-14","0.0","29.6"
"IN022023000","NEW DELHI PALAM, IN","2023-07-15","9.9","29.1"
"IN022023000","NEW DELHI PALAM, IN","2023-07-16","19.1","29.1"
"IN022023000","NEW DELHI PALAM, IN","2023-07-17","7.1","30.3"
"IN022023000","NEW DELHI PALAM, IN","2023-07-18","2.0","29.1"
"IN022023000","NEW DELHI PALAM, IN","2023-07-19","0.5","30.9"
"IN022023000","NEW DELHI PALAM, IN","2023-07-20","0.0","32.8"
"IN022023000","NEW DELHI PALAM, IN","2023-07-21",,"32.8"
"IN022023000","NEW DELHI PALAM, IN","2023-07-22",,"31.9"
"IN022023000","NEW DELHI PALAM, IN","2023-07-23",,"32.0"
"IN022023000","NEW DELHI PALAM, IN","2023-07-24",,"31.9"
"IN022023000","NEW DELHI PALAM, IN","2023-07-25",,"30.6"
"IN022023000","NEW DELHI PALAM, IN","2023-07-26",,"27.6"
"IN022023000","NEW DELHI PALAM, IN","2023-07-27",,"29.6"
"IN022023000","NEW DELHI PALAM, IN","2023-07-28",,"28.3"
"IN022023000","NEW DELHI PALAM, IN","2023-07-29",,"27.7"
"IN022023000","NEW DELHI PALAM, IN","2023-07-30","0.0","30.1"
"IN022023000","NEW DELHI PALAM, IN","2023-07-31",,"31.1"
"IN022023000","NEW DELHI PALAM, IN","2023-08-01","0.0","31.2"
"IN022023000","NEW DELHI PALAM, IN","2023-08-02",,"30.3"
"IN022023000","NEW DELHI PALAM, IN","2023-08-03","0.5","30.3"
"IN022023000","NEW DELHI PALAM, IN","2023-08-04","26.9","29.3"
"IN022023000","NEW DELHI PALAM, IN","2023-08-05","3.0","29.9"
"IN022023000","NEW DELHI PALAM, IN","2023-08-06","9.9","31.1"
"IN022023000","NEW DELHI PALAM, IN","2023-08-07","0.0","30.3"
"IN022023000","NEW DELHI PALAM, IN","2023-08-08",,"30.7"
"IN022023000","NEW DELHI PALAM, IN","2023-08-09",,"30.4"
"IN022023000","NEW DELHI PALAM, IN","2023-08-10",,"30.6"
"IN022023000","NEW DELHI PALAM, IN","2023-08-11",,"31.2"
"IN022023000","NEW DELHI PALAM, IN","2023-08-12",,"31.6"
"IN022023000","NEW DELHI PALAM, IN","2023-08-13",,"30.8"
"IN022023000","NEW DELHI PALAM, IN","2023-08-14",,"30.4"
"IN022023000","NEW DELHI PALAM, IN","2023-08-15",,"30.4"
"IN022023000","NEW DELHI PALAM, IN","2023-08-16",,"31.9"
"IN022023000","NEW DELHI PALAM, IN","2023-08-17",,"32.4"
"IN022023000","NEW DELHI PALAM, IN","2023-08-18",,"32.6"
"IN022023000","NEW DELHI PALAM, IN","2023-08-19","43.9","29.8"
"IN022023000","NEW DELHI PALAM, IN","2023-08-20","0.5","31.6"
"IN022023000","NEW DELHI PALAM, IN","2023-08-21","0.0","32.3"
"IN022023000","NEW DELHI PALAM, IN","2023-08-22",,"30.6"
"IN022023000","NEW DELHI PALAM, IN","2023-08-23","0.0","27.6"
"IN022023000","NEW DELHI PALAM, IN","2023-08-24","5.1","29.1"
"IN022023000","NEW DELHI PALAM, IN","2023-08-25","0.0","30.3"
"IN022023000","NEW DELHI PALAM, IN","2023-08-26",,"30.8"
"IN022023000","NEW DELHI PALAM, IN","2023-08-27",,"30.6"
"IN022023000","NEW DELHI PALAM, IN","2023-08-28",,"30.9"
"IN022023000","NEW DELHI PALAM, IN","2023-08-29",,"31.4"
"IN022023000","NEW DELHI PALAM, IN","2023-08-30",,"31.4"
"IN022023000","NEW DELHI PALAM, IN","2023-08-31",,"32.0"
"IN022023000","NEW DELHI PALAM, IN","2023-09-01",,"33.1"
"IN022023000","NEW DELHI PALAM, IN","2023-09-02",,"32.1"
"IN022023000","NEW DELHI PALAM, IN","2023-09-03",,"31.6"
"IN022023000","NEW DELHI PALAM, IN","2023-09-04",,"31.6"
"IN022023000","NEW DELHI PALAM, IN","2023-09-05",,"32.0"
"IN022023000","NEW DELHI PALAM, IN","2023-09-06",,"31.3"
"IN022023000","NEW DELHI PALAM, IN","2023-09-07",,"30.3"
"IN022023000","NEW DELHI PALAM, IN","2023-09-08",,"30.1"
"IN022023000","NEW DELHI PALAM, IN","2023-09-09","11.9","26.7"
"IN022023000","NEW DELHI PALAM, IN","2023-09-10","46.0","25.7"
"IN022023000","NEW DELHI PALAM, IN","2023-09-11","0.3","27.7"
"IN022023000","NEW DELHI PALAM, IN","2023-09-12","1.0","29.5"
"IN022023000","NEW DELHI PALAM, IN","2023-09-13","0.0","31.2"
"IN022023000","NEW DELHI PALAM, IN","2023-09-14",,"31.8"
"IN022023000","NEW DELHI PALAM, IN","2023-09-15","1.0","28.9"
"IN022023000","NEW DELHI PALAM, IN","2023-09-16","0.0","27.8"
"IN022023000","NEW DELHI PALAM, IN","2023-09-17","13.0","28.2"
"IN022023000","NEW DELHI PALAM, IN","2023-09-18","2.0","29.1"
"IN022023000","NEW DELHI PALAM, IN","2023-09-19","0.0","31.1"
"IN022023000","NEW DELHI PALAM, IN","2023-09-20",,"31.3"
"IN022023000","NEW DELHI PALAM, IN","2023-09-21",,"31.1"
"IN022023000","NEW DELHI PALAM, IN","2023-09-22",,"30.8"
"IN022023000","NEW DELHI PALAM, IN","2023-09-23",,"27.9"
"IN022023000","NEW DELHI PALAM, IN","2023-09-24",,"28.3"
"IN022023000","NEW DELHI PALAM, IN","2023-09-25",,"29.7"
"IN022023000","NEW DELHI PALAM, IN","2023-09-26",,"29.9"
"IN022023000","NEW DELHI PALAM, IN","2023-09-27",,"29.3"
"IN022023000","NEW DELHI PALAM, IN","2023-09-28",,"28.7"
"IN022023000","NEW DELHI PALAM, IN","2023-09-29",,"29.2"
"IN022023000","NEW DELHI PALAM, IN","2023-09-30",,"29.4"
"IN022023000","NEW DELHI PALAM, IN","2023-10-01",,"28.8"
"IN022023000","NEW DELHI PALAM, IN","2023-10-02",,"27.7"
"IN022023000","NEW DELHI PALAM, IN","2023-10-03",,"27.9"
"IN022023000","NEW DELHI PALAM, IN","2023-10-04",,"27.6"
"IN022023000","NEW DELHI PALAM, IN","2023-10-05",,"27.7"
"IN022023000","NEW DELHI PALAM, IN","2023-10-06",,"28.6"
"IN022023000","NEW DELHI PALAM, IN","2023-10-07",,"29.6"
"IN022023000","NEW DELHI PALAM, IN","2023-10-08",,"30.4"
"IN022023000","NEW DELHI PALAM, IN","2023-10-09",,"30.4"
"IN022023000","NEW DELHI PALAM, IN","2023-10-10",,"29.6"
"IN022023000","NEW DELHI PALAM, IN","2023-10-11",,"27.8"
"IN022023000","NEW DELHI PALAM, IN","2023-10-12",,"27.2"
"IN022023000","NEW DELHI PALAM, IN","2023-10-13",,"28.3"
"IN022023000","NEW DELHI PALAM, IN","2023-10-14",,"29.0"
"IN022023000","NEW DELHI PALAM, IN","2023-10-15",,"27.9"
"IN022023000","NEW DELHI PALAM, IN","2023-10-16",,"24.1"
"IN022023000","NEW DELHI PALAM, IN","2023-10-17","4.1","22.3"
"IN022023000","NEW DELHI PALAM, IN","2023-10-18","0.0","23.8"
"IN022023000","NEW DELHI PALAM, IN","2023-10-19",,"23.9"
"IN022023000","NEW DELHI PALAM, IN","2023-10-20",,"24.0"
"IN022023000","NEW DELHI PALAM, IN","2023-10-21",,"24.1"
"IN022023000","NEW DELHI PALAM, IN","2023-10-22",,"24.6"
"IN022023000","NEW DELHI PALAM, IN","2023-10-23",,"24.6"
"IN022023000","NEW DELHI PALAM, IN","2023-10-24",,"24.5"
"IN022023000","NEW DELHI PALAM, IN","2023-10-25",,"24.7"
"IN022023000","NEW DELHI PALAM, IN","2023-10-26",,"24.4"
"IN022023000","NEW DELHI PALAM, IN","2023-10-27",,"23.9"
"IN022023000","NEW DELHI PALAM, IN","2023-10-28",,"24.3"
"IN022023000","NEW DELHI PALAM, IN","2023-10-29",,"24.9"
"IN022023000","NEW DELHI PALAM, IN","2023-10-30",,"25.4"
"IN022023000","NEW DELHI PALAM, IN","2023-10-31",,"25.1"
"IN022023000","NEW DELHI PALAM, IN","2023-11-01",,"24.7"
"IN022023000","NEW DELHI PALAM, IN","2023-11-02",,"23.7"
"IN022023000","NEW DELHI PALAM, IN","2023-11-03",,"23.3"
"IN022023000","NEW DELHI PALAM, IN","2023-11-04",,"22.9"
"IN022023000","NEW DELHI PALAM, IN","2023-11-05",,"23.4"
"IN022023000","NEW DELHI PALAM, IN","2023-11-06",,"23.3"
"IN022023000","NEW DELHI PALAM, IN","2023-11-07",,"23.7"
"IN022023000","NEW DELHI PALAM, IN","2023-11-08",,"23.8"
"IN022023000","NEW DELHI PALAM, IN","2023-11-09",,"24.1"
"IN022023000","NEW DELHI PALAM, IN","2023-11-10","3.0","19.8"
"IN022023000","NEW DELHI PALAM, IN","2023-11-11","3.0","20.0"
"IN022023000","NEW DELHI PALAM, IN","2023-11-12","0.0","19.6"
"IN022023000","NEW DELHI PALAM, IN","2023-11-13",,"20.1"
"IN022023000","NEW DELHI PALAM, IN","2023-11-14",,"19.2"
"IN022023000","NEW DELHI PALAM, IN","2023-11-15",,"19.6"
"IN022023000","NEW DELHI PALAM, IN","2023-11-16",,"19.1"
"IN022023000","NEW DELHI PALAM, IN","2023-11-17",,"20.6"
"IN022023000","NEW DELHI PALAM, IN","2023-11-18",,"21.1"
"IN022023000","NEW DELHI PALAM, IN","2023-11-19",,"20.0"
"IN022023000","NEW DELHI PALAM, IN","2023-11-20",,"19.2"
"IN022023000","NEW DELHI PALAM, IN","2023-11-21",,"18.7"
"IN022023000","NEW DELHI PALAM, IN","2023-11-22",,"17.9"
"IN022023000","NEW DELHI PALAM, IN","2023-11-23",,"18.4"
"IN022023000","NEW DELHI PALAM, IN","2023-11-24",,"19.1"
"IN022023000","NEW DELHI PALAM, IN","2023-11-25",,"18.2"
"IN022023000","NEW DELHI PALAM, IN","2023-11-26",,"20.0"
"IN022023000","NEW DELHI PALAM, IN","2023-11-27",,"18.7"
"IN022023000","NEW DELHI PALAM, IN","2023-11-28",,"17.9"
"IN022023000","NEW DELHI PALAM, IN","2023-11-29",,"18.8"
"IN022023000","NEW DELHI PALAM, IN","2023-11-30",,"19.2"
"IN022023000","NEW DELHI PALAM, IN","2023-12-01",,"19.6"
"IN022023000","NEW DELHI PALAM, IN","2023-12-02",,"17.4"
"IN022023000","NEW DELHI PALAM, IN","2023-12-03",,"19.4"
"IN022023000","NEW DELHI PALAM, IN","2023-12-04","0.0","19.5"
"IN022023000","NEW DELHI PALAM, IN","2023-12-05","0.0","17.5"
"IN022023000","NEW DELHI PALAM, IN","2023-12-06",,"17.6"
"IN022023000","NEW DELHI PALAM, IN","2023-12-07",,"17.0"
"IN022023000","NEW DELHI PALAM, IN","2023-12-08",,"17.4"
"IN022023000","NEW DELHI PALAM, IN","2023-12-09",,"16.9"
"IN022023000","NEW DELHI PALAM, IN","2023-12-10",,"15.9"
"IN022023000","NEW DELHI PALAM, IN","2023-12-11",,"15.4"
"IN022023000","NEW DELHI PALAM, IN","2023-12-12",,"16.6"
"IN022023000","NEW DELHI PALAM, IN","2023-12-13",,"16.7"
"IN022023000","NEW DELHI PALAM, IN","2023-12-14",,"16.1"
"IN022023000","NEW DELHI PALAM, IN","2023-12-15",,"15.5"
"IN022023000","NEW DELHI PALAM, IN","2023-12-16",,"15.7"
"IN022023000","NEW DELHI PALAM, IN","2023-12-17",,"16.3"
"IN022023000","NEW DELHI PALAM, IN","2023-12-18",,"14.8"
"IN022023000","NEW DELHI PALAM, IN","2023-12-19",,"14.2"
"IN022023000","NEW DELHI PALAM, IN","2023-12-20",,"14.8"
"IN022023000","NEW DELHI PALAM, IN","2023-12-21",,"14.2"
"IN022023000","NEW DELHI PALAM, IN","2023-12-22",,"15.1"
"IN022023000","NEW DELHI PALAM, IN","2023-12-23",,"16.4"
"IN022023000","NEW DELHI PALAM, IN","2023-12-24",,"16.4"
"IN022023000","NEW DELHI PALAM, IN","2023-12-25",,"14.4"
"IN022023000","NEW DELHI PALAM, IN","2023-12-26",,"14.2"
"IN022023000","NEW DELHI PALAM, IN","2023-12-27",,"12.8"
"IN022023000","NEW DELHI PALAM, IN","2023-12-28",,"12.8"
"IN022023000","NEW DELHI PALAM, IN","2023-12-29",,"13.8"
"IN022023000","NEW DELHI PALAM, IN","2023-12-30",,"14.6"
"IN022023000","NEW DELHI PALAM, IN","2023-12-31",,"13.1"
"IN022023000","NEW DELHI PALAM, IN","2024-01-01",,"11.6"
"IN022023000","NEW DELHI PALAM, IN","2024-01-02",,"11.1"
"IN022023000","NEW DELHI PALAM, IN","2024-01-03",,"10.7"
"IN022023000","NEW DELHI PALAM, IN","2024-01-04",,"10.6"
"IN022023000","NEW DELHI PALAM, IN","2024-01-05",,"12.1"
"IN022023000","NEW DELHI PALAM, IN","2024-01-06",,"11.7"
"IN022023000","NEW DELHI PALAM, IN","2024-01-07",,"11.4"
"IN022023000","NEW DELHI PALAM, IN","2024-01-08",,"11.0"
"IN022023000","NEW DELHI PALAM, IN","2024-01-09",,"10.6"
"IN022023000","NEW DELHI PALAM, IN","2024-01-10",,"9.3"
"IN022023000","NEW DELHI PALAM, IN","2024-01-11",,"10.5"
"IN022023000","NEW DELHI PALAM, IN","2024-01-12",,"10.3"
"IN022023000","NEW DELHI PALAM, IN","2024-01-13",,"11.3"
"IN022023000","NEW DELHI PALAM, IN","2024-01-14",,"10.4"
"IN022023000","NEW DELHI PALAM, IN","2024-01-15",,"10.4"
"IN022023000","NEW DELHI PALAM, IN","2024-01-16",,"10.1"
"IN022023000","NEW DELHI PALAM, IN","2024-01-17",,"10.9"
"IN022023000","NEW DELHI PALAM, IN","2024-01-18",,"10.2"
"IN022023000","NEW DELHI PALAM, IN","2024-01-19",,"10.3"
"IN022023000","NEW DELHI PALAM, IN","2024-01-20",,"11.3"
"IN022023000","NEW DELHI PALAM, IN","2024-01-21",,"9.0"
"IN022023000","NEW DELHI PALAM, IN","2024-01-22",,"10.5"
"IN022023000","NEW DELHI PALAM, IN","2024-01-23",,"12.1"
"IN022023000","NEW DELHI PALAM, IN","2024-01-24",,"10.8"
"IN022023000","NEW DELHI PALAM, IN","2024-01-25",,"10.9"
"IN022023000","NEW DELHI PALAM, IN","2024-01-26",,"12.9"
"IN022023000","NEW DELHI PALAM, IN","2024-01-27",,"14.7"
"IN022023000","NEW DELHI PALAM, IN","2024-01-28",,"13.4"
"IN022023000","NEW DELHI PALAM, IN","2024-01-29",,"14.3"
"IN022023000","NEW DELHI PALAM, IN","2024-01-30",,"12.4"
"IN022023000","NEW DELHI PALAM, IN","2024-01-31",,"13.5"
"IN022023000","NEW DELHI PALAM, IN","2024-02-01","20.1","14.9"
"IN022023000","NEW DELHI PALAM, IN","2024-02-02","2.0","12.2"
"IN022023000","NEW DELHI PALAM, IN","2024-02-03","0.0","15.1"
"IN022023000","NEW DELHI PALAM, IN","2024-02-04","3.0","16.2"
"IN022023000","NEW DELHI PALAM, IN","2024-02-05","0.5","15.1"
"IN022023000","NEW DELHI PALAM, IN","2024-02-06","0.0","13.3"
"IN022023000","NEW DELHI PALAM, IN","2024-02-07",,"13.8"
"IN022023000","NEW DELHI PALAM, IN","2024-02-08",,"14.3"
"IN022023000","NEW DELHI PALAM, IN","2024-02-09",,"15.0"
"IN022023000","NEW DELHI PALAM, IN","2024-02-10",,"15.4"
"IN022023000","NEW DELHI PALAM, IN","2024-02-11",,"15.6"
"IN022023000","NEW DELHI PALAM, IN","2024-02-12",,"15.8"
"IN022023000","NEW DELHI PALAM, IN","2024-02-13",,"16.1"
"IN022023000","NEW DELHI PALAM, IN","2024-02-14",,"16.6"
"IN022023000","NEW DELHI PALAM, IN","2024-02-15",,"17.1"
"IN022023000","NEW DELHI PALAM, IN","2024-02-16",,"17.6"
"IN022023000","NEW DELHI PALAM, IN","2024-02-17",,"17.4"
"IN022023000","NEW DELHI PALAM, IN","2024-02-18",,"20.4"
"IN022023000","NEW DELHI PALAM, IN","2024-02-19",,"21.3"
"IN022023000","NEW DELHI PALAM, IN","2024-02-20","3.0","21.1"
"IN022023000","NEW DELHI PALAM, IN","2024-02-21","0.0","19.2"
"IN022023000","NEW DELHI PALAM, IN","2024-02-22",,"18.6"
"IN022023000","NEW DELHI PALAM, IN","2024-02-23",,"17.1"
"IN022023000","NEW DELHI PALAM, IN","2024-02-24",,"18.2"
"IN022023000","NEW DELHI PALAM, IN","2024-02-25",,"18.8"
"IN022023000","NEW DELHI PALAM, IN","2024-02-26",,"19.2"
"IN022023000","NEW DELHI PALAM, IN","2024-02-27","0.0","18.5"
"IN022023000","NEW DELHI PALAM, IN","2024-02-28",,"18.2"
"IN022023000","NEW DELHI PALAM, IN","2024-02-29",,"19.0"
"IN022023000","NEW DELHI PALAM, IN","2024-03-01",,"22.7"
"IN022023000","NEW DELHI PALAM, IN","2024-03-02","1.0","20.7"
"IN022023000","NEW DELHI PALAM, IN","2024-03-03","4.1","18.9"
"IN022023000","NEW DELHI PALAM, IN","2024-03-04","0.0","17.7"
"IN022023000","NEW DELHI PALAM, IN","2024-03-05",,"16.7"
"IN022023000","NEW DELHI PALAM, IN","2024-03-06",,"16.8"
"IN022023000","NEW DELHI PALAM, IN","2024-03-07",,"19.4"
"IN022023000","NEW DELHI PALAM, IN","2024-03-08",,"19.9"
"IN022023000","NEW DELHI PALAM, IN","2024-03-09",,"19.1"
"IN022023000","NEW DELHI PALAM, IN","2024-03-10",,"20.9"
"IN022023000","NEW DELHI PALAM, IN","2024-03-11",,"23.6"
"IN022023000","NEW DELHI PALAM, IN","2024-03-12",,"22.9"
"IN022023000","NEW DELHI PALAM, IN","2024-03-13",,"22.3"
"IN022023000","NEW DELHI PALAM, IN","2024-03-14","0.0","23.4"
"IN022023000","NEW DELHI PALAM, IN","2024-03-15",,"21.1"
"IN022023000","NEW DELHI PALAM, IN","2024-03-16",,"22.0"
"IN022023000","NEW DELHI PALAM, IN","2024-03-17",,"22.1"
"IN022023000","NEW DELHI PALAM, IN","2024-03-18",,"22.2"
"IN022023000","NEW DELHI PALAM, IN","2024-03-19",,"23.6"
"IN022023000","NEW DELHI PALAM, IN","2024-03-20",,"24.7"
"IN022023000","NEW DELHI PALAM, IN","2024-03-21",,"23.3"
"IN022023000","NEW DELHI PALAM, IN","2024-03-22",,"26.1"
"IN022023000","NEW DELHI PALAM, IN","2024-03-23",,"26.9"
"IN022023000","NEW DELHI PALAM, IN","2024-03-24",,"24.2"
"IN022023000","NEW DELHI PALAM, IN","2024-03-25","0.0","25.4"
"IN022023000","NEW DELHI PALAM, IN","2024-03-26",,"27.4"
"IN022023000","NEW DELHI PALAM, IN","2024-03-27",,"31.6"
"IN022023000","NEW DELHI PALAM, IN","2024-04-01",,"22.0"
"IN022023000","NEW DELHI PALAM, IN","2024-04-02",,"21.3"
"IN022023000","NEW DELHI PALAM, IN","2024-04-03",,"28.8"
"IN022023000","NEW DELHI PALAM, IN","2024-04-04",,"30.4"
"IN022023000","NEW DELHI PALAM, IN","2024-04-05",,"29.6"
"IN022023000","NEW DELHI PALAM, IN","2024-04-06",,"28.4"
"IN022023000","NEW DELHI PALAM, IN","2024-04-07",,"28.3"
"IN022023000","NEW DELHI PALAM, IN","2024-04-08",,"29.6"
"IN022023000","NEW DELHI PALAM, IN","2024-04-09",,"29.9"
"IN022023000","NEW DELHI PALAM, IN","2024-04-10",,"30.0"
"IN022023000","NEW DELHI PALAM, IN","2024-04-11",,"30.8"
"IN022023000","NEW DELHI PALAM, IN","2024-04-12",,"31.3"
"IN022023000","NEW DELHI PALAM, IN","2024-04-13",,"29.2"
"IN022023000","NEW DELHI PALAM, IN","2024-04-14",,"26.1"
"IN022023000","NEW DELHI PALAM, IN","2024-04-15",,"29.1"
"IN022023000","NEW DELHI PALAM, IN","2024-04-16",,"29.8"
"IN022023000","NEW DELHI PALAM, IN","2024-04-17",,"29.1"
"IN022023000","NEW DELHI PALAM, IN","2024-04-18",,"31.6"
"IN022023000","NEW DELHI PALAM, IN","2024-04-19",,"32.7"
"IN022023000","NEW DELHI PALAM, IN","2024-04-20",,"30.6"
"IN022023000","NEW DELHI PALAM, IN","2024-04-21",,"31.2"
"IN022023000","NEW DELHI PALAM, IN","2024-04-22",,"31.2"
"IN022023000","NEW DELHI PALAM, IN","2024-04-23",,"28.4"
"IN022023000","NEW DELHI PALAM, IN","2024-04-24",,"30.6"
"IN022023000","NEW DELHI PALAM, IN","2024-04-25",,"31.9"
"IN022023000","NEW DELHI PALAM, IN","2024-04-26",,"31.8"
"IN022023000","NEW DELHI PALAM, IN","2024-04-27",,"31.6"
"IN022023000","NEW DELHI PALAM, IN","2024-04-28",,"31.8"
"IN022023000","NEW DELHI PALAM, IN","2024-04-29",,"31.0"
"IN022023000","NEW DELHI PALAM, IN","2024-04-30",,"29.7"
"IN022023000","NEW DELHI PALAM, IN","2024-05-02",,"28.9"
"IN022023000","NEW DELHI PALAM, IN","2024-05-03",,"31.4"
"IN022023000","NEW DELHI PALAM, IN","2024-05-04",,"33.3"
"IN022023000","NEW DELHI PALAM, IN","2024-05-05",,"34.6"
"IN022023000","NEW DELHI PALAM, IN","2024-05-06",,"34.2"
"IN022023000","NEW DELHI PALAM, IN","2024-05-07",,"34.8"
"IN022023000","NEW DELHI PALAM, IN","2024-05-08",,"31.6"
"IN022023000","NEW DELHI PALAM, IN","2024-05-09",,"31.9"
"IN022023000","NEW DELHI PALAM, IN","2024-05-10",,"32.4"
"IN022023000","NEW DELHI PALAM, IN","2024-05-11",,"32.2"
"IN022023000","NEW DELHI PALAM, IN","2024-05-12",,"33.5"
"IN022023000","NEW DELHI PALAM, IN","2024-05-13",,"34.2"
"IN022023000","NEW DELHI PALAM, IN","2024-05-14",,"34.4"
"IN022023000","NEW DELHI PALAM, IN","2024-05-15",,"34.9"
"IN022023000","NEW DELHI PALAM, IN","2024-05-16",,"36.0"
"IN022023000","NEW DELHI PALAM, IN","2024-05-17",,"37.7"
"IN022023000","NEW DELHI PALAM, IN","2024-05-18",,"38.2"
"IN022023000","NEW DELHI PALAM, IN","2024-05-19",,"38.3"
"IN022023000","NEW DELHI PALAM, IN","2024-05-20",,"38.2"
"IN022023000","NEW DELHI PALAM, IN","2024-05-21",,"35.6"
"IN022023000","NEW DELHI PALAM, IN","2024-05-22",,"35.8"
"IN022023000","NEW DELHI PALAM, IN","2024-05-23",,"35.2"
"IN022023000","NEW DELHI PALAM, IN","2024-05-24",,"35.5"
"IN022023000","NEW DELHI PALAM, IN","2024-05-25",,"38.0"
"IN022023000","NEW DELHI PALAM, IN","2024-05-26",,"38.7"
"IN022023000","NEW DELHI PALAM, IN","2024-05-27",,"38.7"
"IN022023000","NEW DELHI PALAM, IN","2024-05-28",,"39.1"
"IN022023000","NEW DELHI PALAM, IN","2024-05-29",,"38.2"
"IN022023000","NEW DELHI PALAM, IN","2024-05-30",,"39.1"
"IN022023000","NEW DELHI PALAM, IN","2024-05-31",,"39.1"
"IN022023000","NEW DELHI PALAM, IN","2024-06-01",,"36.1"
"IN022023000","NEW DELHI PALAM, IN","2024-06-02",,"36.9"
"IN022023000","NEW DELHI PALAM, IN","2024-06-03",,"37.6"
"IN022023000","NEW DELHI PALAM, IN","2024-06-04","0.0","37.7"
"IN022023000","NEW DELHI PALAM, IN","2024-06-05",,"36.5"
"IN022023000","NEW DELHI PALAM, IN","2024-06-06",,"34.6"
"IN022023000","NEW DELHI PALAM, IN","2024-06-07",,"36.2"
"IN022023000","NEW DELHI PALAM, IN","2024-06-08",,"35.9"
"IN022023000","NEW DELHI PALAM, IN","2024-06-09",,"36.5"
"IN022023000","NEW DELHI PALAM, IN","2024-06-10",,"37.8"
"IN022023000","NEW DELHI PALAM, IN","2024-06-11",,"37.7"
"IN022023000","NEW DELHI PALAM, IN","2024-06-12",,"38.3"
"IN022023000","NEW DELHI PALAM, IN","2024-06-13",,"38.9"
"IN022023000","NEW DELHI PALAM, IN","2024-06-14",,"37.4"
"IN022023000","NEW DELHI PALAM, IN","2024-06-15",,"38.7"
"IN022023000","NEW DELHI PALAM, IN","2024-06-16",,"39.2"
"IN022023000","NEW DELHI PALAM, IN","2024-06-17",,"40.2"
"IN022023000","NEW DELHI PALAM, IN","2024-06-18",,"39.7"
"IN022023000","NEW DELHI PALAM, IN","2024-06-19",,"37.6"
"IN022023000","NEW DELHI PALAM, IN","2024-06-20",,"34.0"
"IN022023000","NEW DELHI PALAM, IN","2024-06-21",,"31.3"
"IN022023000","NEW DELHI PALAM, IN","2024-06-22",,"33.3"
"IN022023000","NEW DELHI PALAM, IN","2024-06-23",,"33.6"
"IN022023000","NEW DELHI PALAM, IN","2024-06-24",,"32.4"
"IN022023000","NEW DELHI PALAM, IN","2024-06-25",,"34.0"
"IN022023000","NEW DELHI PALAM, IN","2024-06-26",,"32.3"
"IN022023000","NEW DELHI PALAM, IN","2024-06-27","16.0","30.2"
"IN022023000","NEW DELHI PALAM, IN","2024-06-28","106.9","28.9"
"IN022023000","NEW DELHI PALAM, IN","2024-06-29","0.5","30.5"
"IN022023000","NEW DELHI PALAM, IN","2024-06-30","0.0","32.4"
"IN022023000","NEW DELHI PALAM, IN","2024-07-01",,"32.3"
"IN022023000","NEW DELHI PALAM, IN","2024-07-02",,"32.3"
"IN022023000","NEW DELHI PALAM, IN","2024-07-03",,"29.1"
"IN022023000","NEW DELHI PALAM, IN","2024-07-04",,"28.7"
"IN022023000","NEW DELHI PALAM, IN","2024-07-05",,"29.3"
"IN022023000","NEW DELHI PALAM, IN","2024-07-06","0.0","29.4"
"IN022023000","NEW DELHI PALAM, IN","2024-07-07","0.3","29.2"
"IN022023000","NEW DELHI PALAM, IN","2024-07-08","0.0","28.3"
"IN022023000","NEW DELHI PALAM, IN","2024-07-09",,"29.6"
"IN022023000","NEW DELHI PALAM, IN","2024-07-10",,"30.9"
"IN022023000","NEW DELHI PALAM, IN","2024-07-11",,"33.7"
"IN022023000","NEW DELHI PALAM, IN","2024-07-12",,"30.9"
"IN022023000","NEW DELHI PALAM, IN","2024-07-13",,"30.5"
"IN022023000","NEW DELHI PALAM, IN","2024-07-14",,"32.6"
"IN022023000","NEW DELHI PALAM, IN","2024-07-15",,"31.0"
"IN022023000","NEW DELHI PALAM, IN","2024-07-16",,"33.4"
"IN022023000","NEW DELHI PALAM, IN","2024-07-17",,"32.4"
"IN022023000","NEW DELHI PALAM, IN","2024-07-18","0.0","30.7"
"IN022023000","NEW DELHI PALAM, IN","2024-07-19","5.1","31.4"
"IN022023000","NEW DELHI PALAM, IN","2024-07-20","0.0","33.5"
"IN022023000","NEW DELHI PALAM, IN","2024-07-21","0.0","32.2"
"IN022023000","NEW DELHI PALAM, IN","2024-07-22","0.0","30.7"
"IN022023000","NEW DELHI PALAM, IN","2024-07-23","8.9","31.5"
"IN022023000","NEW DELHI PALAM, IN","2024-07-24","18.0","30.1"
"IN022023000","NEW DELHI PALAM, IN","2024-07-25","3.0","31.2"
"IN022023000","NEW DELHI PALAM, IN","2024-07-26","1.0","30.9"
"IN022023000","NEW DELHI PALAM, IN","2024-07-27","0.0","31.4"
"IN022023000","NEW DELHI PALAM, IN","2024-07-28","0.0","33.3"
"IN022023000","NEW DELHI PALAM, IN","2024-07-29","0.3","33.5"
"IN022023000","NEW DELHI PALAM, IN","2024-07-30","0.0","34.1"
"IN022023000","NEW DELHI PALAM, IN","2024-07-31",,"30.8"
"IN022023000","NEW DELHI PALAM, IN","2024-08-01",,"29.2"
"IN022023000","NEW DELHI PALAM, IN","2024-08-02","5.1","29.6"
"IN022023000","NEW DELHI PALAM, IN","2024-08-03","4.1","30.1"
"IN022023000","NEW DELHI PALAM, IN","2024-08-04","0.3","30.6"
"IN022023000","NEW DELHI PALAM, IN","2024-08-05","1.0","29.8"
"IN022023000","NEW DELHI PALAM, IN","2024-08-06","0.0","29.7"
"IN022023000","NEW DELHI PALAM, IN","2024-08-07",,"27.8"
"IN022023000","NEW DELHI PALAM, IN","2024-08-08",,"28.4"
"IN022023000","NEW DELHI PALAM, IN","2024-08-09",,"28.9"
"IN022023000","NEW DELHI PALAM, IN","2024-08-10",,"29.0"
"IN022023000","NEW DELHI PALAM, IN","2024-08-11","8.9","27.1"
"IN022023000","NEW DELHI PALAM, IN","2024-08-13","29.0","29.1"
"IN022023000","NEW DELHI PALAM, IN","2024-08-14","4.1","30.4"
"IN022023000","NEW DELHI PALAM, IN","2024-08-15","0.5","29.3"
"IN022023000","NEW DELHI PALAM, IN","2024-08-16","29.0","30.5"
"IN022023000","NEW DELHI PALAM, IN","2024-08-17","0.0","30.0"
"IN022023000","NEW DELHI PALAM, IN","2024-08-18","10.9","30.8"
"IN022023000","NEW DELHI PALAM, IN","2024-08-19","0.0","30.4"
"IN022023000","NEW DELHI PALAM, IN","2024-08-20",,"28.6"
"IN022023000","NEW DELHI PALAM, IN","2024-08-21",,"30.4"
"IN022023000","NEW DELHI PALAM, IN","2024-08-22",,"30.7"
"IN022023000","NEW DELHI PALAM, IN","2024-08-23",,"28.3"
"IN022023000","NEW DELHI PALAM, IN","2024-08-24",,"30.2"
"IN022023000","NEW DELHI PALAM, IN","2024-08-25","7.1","30.6"
"IN022023000","NEW DELHI PALAM, IN","2024-08-26","0.0","28.9"
"IN022023000","NEW DELHI PALAM, IN","2024-08-27","7.1","28.6"
"IN022023000","NEW DELHI PALAM, IN","2024-08-28","7.9","27.9"
"IN022023000","NEW DELHI PALAM, IN","2024-08-29","55.1","27.0"
"IN022023000","NEW DELHI PALAM, IN","2024-08-30","0.0","29.7"
"IN022023000","NEW DELHI PALAM, IN","2024-08-31","2.0","31.2"
"IN022023000","NEW DELHI PALAM, IN","2024-09-01","0.0","31.3"
"IN022023000","NEW DELHI PALAM, IN","2024-09-02","0.5","29.3"
"IN022023000","NEW DELHI PALAM, IN","2024-09-03","2.0","30.4"
"IN022023000","NEW DELHI PALAM, IN","2024-09-04","0.3","26.4"
"IN022023000","NEW DELHI PALAM, IN","2024-09-05","7.9","28.9"
"IN022023000","NEW DELHI PALAM, IN","2024-09-06","5.1","27.7"
"IN022023000","NEW DELHI PALAM, IN","2024-09-07","0.0","27.3"
"IN022023000","NEW DELHI PALAM, IN","2024-09-08","14.0","27.0"
